{
   "abstract" : "unknown",
   "author" : [
      "unknown"
   ],
   "dynamic_config" : 1,
   "generated_by" : "ExtUtils::MakeMaker version 7.1001, CPAN::Meta::Converter version 2.150005",
   "license" : [
      "unknown"
   ],
   "meta-spec" : {
      "url" : "http://search.cpan.org/perldoc?CPAN::Meta::Spec",
      "version" : "2"
   },
   "name" : "Unicode-String",
   "no_index" : {
      "directory" : [
         "t",
         "inc"
      ]
   },
   "prereqs" : {
      "build" : {
         "requires" : {
            "ExtUtils::MakeMaker" : "0"
         }
      },
      "configure" : {
         "requires" : {
            "ExtUtils::MakeMaker" : "0"
         }
      },
      "runtime" : {
         "requires" : {
            "MIME::Base64" : "2"
         }
      }
   },
   "release_status" : "stable",
   "version" : "2.10",
   "x_serialization_backend" : "JSON::PP version 2.27300"
}
